latitude,longitude,brightness,scan,track,acq_date,acq_time,satellite,instrument,confidence,version,bright_t31,frp,daynight
34.60257,37.8723,320.06,2.03,1.39,2025-04-16,0744,Terra,MODIS,75,6.1NRT,298.75,34.28,D
35.62683,36.07553,326.68,1,1,2025-04-18,1149,Aqua,MODIS,70,6.1NRT,302.93,19,D
36.07467,37.67831,334.48,1.05,1.02,2025-04-18,1149,Aqua,MODIS,81,6.1NRT,310.65,24.64,D
35.03992,36.32436,306.86,2.01,1.38,2025-04-19,1906,Terra,MODIS,69,6.1NRT,288.16,25.68,N
36.94503,42.13113,303.47,1.03,1.02,2025-04-20,1809,Terra,MODIS,55,6.1NRT,289.62,6.28,N
34.9947,36.74673,321.61,1.54,1.22,2025-04-25,1128,Aqua,MODIS,66,6.1NRT,307.58,16.53,D
34.35804,36.78756,316.54,1.58,1.24,2025-04-25,1128,Aqua,MODIS,49,6.1NRT,300.3,11.42,D
36.19893,37.23006,320.69,1.37,1.16,2025-04-25,1128,Aqua,MODIS,70,6.1NRT,304.51,13.25,D
36.49141,36.67763,330.4,1,1,2025-04-28,1145,Aqua,MODIS,74,6.1NRT,308.9,16.07,D
37.16149,41.96876,333.19,1,1,2025-04-30,1125,Aqua,MODIS,79,6.1NRT,319.37,11.69,D
34.36475,36.7909,324.5,1.15,1.07,2025-05-08,0729,Terra,MODIS,51,6.1NRT,308.42,10.3,D
35.00247,36.75272,326.47,1.13,1.06,2025-05-08,0729,Terra,MODIS,44,6.1NRT,312.91,9.4,D
33.62332,36.60349,321.73,1.16,1.07,2025-05-08,0729,Terra,MODIS,61,6.1NRT,308.03,5.86,D
35.7354,36.04717,310.95,1.05,1.02,2025-05-08,1832,Terra,MODIS,81,6.1NRT,289.75,11.69,N
35.73763,36.04531,324.43,1.19,1.08,2025-05-10,0712,Terra,MODIS,50,6.1NRT,305.58,18.71,D
35.73616,36.05779,327.21,1.19,1.08,2025-05-10,0712,Terra,MODIS,64,6.1NRT,304.19,22.53,D
35.73479,36.06179,321.83,2.07,1.4,2025-05-10,1121,Aqua,MODIS,56,6.1NRT,299.85,38.58,D
35.73041,36.04122,320.04,2.08,1.4,2025-05-10,1121,Aqua,MODIS,40,6.1NRT,300.32,33.07,D
35.74689,36.05849,371.58,2.07,1.4,2025-05-10,1121,Aqua,MODIS,100,6.1NRT,299.91,331.79,D
35.74243,36.03745,341.15,2.08,1.4,2025-05-10,1121,Aqua,MODIS,88,6.1NRT,300.16,110.45,D
36.93521,42.13211,303.87,1,1,2025-05-10,1811,Terra,MODIS,57,6.1NRT,292.13,4.15,N
36.94394,42.1302,304.27,1,1,2025-05-10,1811,Terra,MODIS,59,6.1NRT,292.98,4.48,N
35.45956,36.2072,307.96,3.62,1.78,2025-05-12,1754,Terra,MODIS,22,6.1NRT,280.06,46.03,N
35.47276,36.26296,317.73,3.57,1.77,2025-05-12,1754,Terra,MODIS,69,6.1NRT,289.77,95.75,N
35.46598,36.23432,355.88,3.6,1.78,2025-05-12,1754,Terra,MODIS,100,6.1NRT,292.05,481.83,N
35.48131,36.23011,308.97,3.6,1.78,2025-05-12,1754,Terra,MODIS,35,6.1NRT,286.84,56.3,N
35.46805,36.25806,319.76,3.57,1.77,2025-05-12,1754,Terra,MODIS,65,6.1NRT,290.47,108.9,N
35.46132,36.2303,331.01,3.6,1.78,2025-05-12,1754,Terra,MODIS,100,6.1NRT,289.83,188.32,N
35.48316,36.25303,333.6,3.57,1.77,2025-05-12,1754,Terra,MODIS,100,6.1NRT,290,215.61,N
35.47697,36.22739,357.1,3.6,1.78,2025-05-12,1754,Terra,MODIS,100,6.1NRT,289.13,504.72,N
36.14153,37.14085,302.97,1.44,1.19,2025-05-15,1813,Terra,MODIS,52,6.1NRT,288.78,10.37,N
35.02261,36.36614,332.95,1.03,1.01,2025-05-21,1157,Aqua,MODIS,70,6.1NRT,317.04,13.5,D
35.07985,40.59397,310.15,1.34,1.15,2025-05-28,1834,Terra,MODIS,79,6.1NRT,296.3,12.48,N
36.50185,38.95795,325.22,1.01,1.01,2025-05-30,0714,Terra,MODIS,71,6.1NRT,308.75,10.92,D
35.65191,35.99814,346.29,1,1,2025-05-31,1151,Aqua,MODIS,85,6.1NRT,306.45,42.43,D
35.65033,35.98746,343.53,1,1,2025-05-31,1151,Aqua,MODIS,76,6.1NRT,307.86,37.46,D
37.00677,41.25842,335.83,1,1,2025-06-02,1132,Aqua,MODIS,76,6.1NRT,317.06,18.78,D
37.0052,41.24754,368.07,1,1,2025-06-02,1132,Aqua,MODIS,100,6.1NRT,318.71,91.66,D
36.33332,36.59497,301.68,1.01,1.01,2025-06-02,1836,Terra,MODIS,43,6.1NRT,290.49,4.5,N
36.33187,36.58404,315.79,1.01,1.01,2025-06-02,1836,Terra,MODIS,92,6.1NRT,290.55,14.3,N
34.88202,35.9897,344.71,1.02,1.01,2025-06-05,1149,Aqua,MODIS,88,6.1NRT,311.09,39.92,D
34.88035,35.97902,343.31,1.02,1.01,2025-06-05,1149,Aqua,MODIS,86,6.1NRT,311.32,37.25,D
35.78952,35.91777,351.56,1.01,1.01,2025-06-05,1149,Aqua,MODIS,94,6.1NRT,309.77,54.62,D
35.78786,35.90704,341.91,1.01,1.01,2025-06-05,1149,Aqua,MODIS,85,6.1NRT,311.41,35.23,D
36.75945,36.71616,335.74,1.46,1.2,2025-06-07,1130,Aqua,MODIS,87,6.1NRT,315.59,29.85,D
36.75666,36.70164,365.59,1.47,1.2,2025-06-07,1130,Aqua,MODIS,100,6.1NRT,317.66,145.86,D
36.76659,36.70603,304.22,1.03,1.02,2025-06-07,1836,Terra,MODIS,59,6.1NRT,293.14,4.48,N
36.94882,42.13068,304.69,1.06,1.03,2025-06-12,0026,Aqua,MODIS,28,6.1NRT,293.57,7.33,N
36.07706,37.96706,326.84,1.63,1.26,2025-06-12,0737,Terra,MODIS,54,6.1NRT,313.89,15.87,D
35.69061,36.12043,347.02,1.2,1.09,2025-06-13,1206,Aqua,MODIS,90,6.1NRT,305.23,60.4,D
35.5282,36.33209,344,1.01,1,2025-06-14,0716,Terra,MODIS,89,6.1NRT,316.3,31.83,D
35.53701,36.33388,328.19,1.01,1,2025-06-14,0716,Terra,MODIS,66,6.1NRT,315.83,8.68,D
35.47898,36.37653,309.36,1.29,1.13,2025-06-14,1819,Terra,MODIS,76,6.1NRT,296.68,10.04,N
36.65596,38.92693,332.95,1.02,1.01,2025-06-15,1147,Aqua,MODIS,36,6.1NRT,315.61,13.1,D
32.9148,35.87578,338.87,1.96,1.37,2025-06-16,1223,Aqua,MODIS,82,6.1NRT,311.65,64.5,D
32.9103,35.8634,309.58,3.18,1.69,2025-06-16,1758,Terra,MODIS,77,6.1NRT,293.05,47.81,N
36.67064,38.86194,317.36,1.65,1.26,2025-06-16,1758,Terra,MODIS,95,6.1NRT,292.23,30.71,N
36.67436,38.87313,303.52,1.64,1.26,2025-06-16,1758,Terra,MODIS,56,6.1NRT,292.6,10.9,N
36.67095,38.85555,310.15,1.65,1.26,2025-06-16,1758,Terra,MODIS,79,6.1NRT,291.83,19.7,N
36.9394,42.12587,301.15,1.03,1.01,2025-06-17,0024,Aqua,MODIS,33,6.1NRT,288.28,5.57,N
36.13948,37.54794,325.22,1.6,1.25,2025-06-17,0737,Terra,MODIS,65,6.1NRT,310.89,17.91,D
35.44554,36.14667,324.78,1.02,1.01,2025-06-17,1838,Terra,MODIS,100,6.1NRT,293.39,24.09,N
35.44412,36.13583,323.18,1.02,1.01,2025-06-17,1838,Terra,MODIS,100,6.1NRT,292.95,22.13,N
35.62947,36.06577,334.12,1.11,1.05,2025-06-18,1204,Aqua,MODIS,69,6.1NRT,311.14,24.89,D
36.14581,37.87129,341.14,1.02,1.01,2025-06-19,0716,Terra,MODIS,85,6.1NRT,319.12,26.58,D
36.11888,37.80817,331.91,1.02,1.01,2025-06-19,0716,Terra,MODIS,71,6.1NRT,317.4,12.26,D
35.9212,36.24746,338.81,1,1,2025-06-19,0716,Terra,MODIS,82,6.1NRT,310.27,30.14,D
35.91967,36.25833,343.38,1,1,2025-06-19,0716,Terra,MODIS,87,6.1NRT,310.6,37.79,D
36.12245,39.03898,311.62,1.01,1,2025-06-19,1819,Terra,MODIS,81,6.1NRT,296.65,8.94,N
35.97247,37.3984,313.84,1.11,1.05,2025-06-19,1819,Terra,MODIS,87,6.1NRT,298.02,12.01,N
36.12683,37.42783,306,1.1,1.05,2025-06-19,1819,Terra,MODIS,60,6.1NRT,295.83,5.41,N
36.9406,42.11765,308.46,1.12,1.06,2025-06-19,1819,Terra,MODIS,72,6.1NRT,296.82,7.65,N
35.75328,36.19259,364.41,1.13,1.06,2025-06-20,1145,Aqua,MODIS,100,6.1NRT,314.36,104.39,D
36.15055,38.90607,333.37,1,1,2025-06-20,1145,Aqua,MODIS,64,6.1NRT,319.18,10.39,D
35.75536,36.20506,392.88,1.13,1.06,2025-06-20,1145,Aqua,MODIS,100,6.1NRT,316.27,241.39,D
35.76446,36.20229,336.65,1.13,1.06,2025-06-20,1145,Aqua,MODIS,78,6.1NRT,310,30.93,D
35.76241,36.19001,331.15,1.13,1.06,2025-06-20,1145,Aqua,MODIS,65,6.1NRT,309.86,21.33,D
36.47514,36.85131,333.56,1.06,1.03,2025-06-20,1145,Aqua,MODIS,71,6.1NRT,319.07,13.37,D
36.73626,38.09869,333.79,1,1,2025-06-20,1145,Aqua,MODIS,57,6.1NRT,319.25,11.23,D
37.17162,42.33455,309.35,4.64,1.97,2025-06-20,1900,Terra,MODIS,76,6.1NRT,293.7,73.48,N
36.94011,42.12304,339.33,1,1,2025-06-21,0659,Terra,MODIS,79,6.1NRT,322.43,17.21,D
36.96441,40.34926,332,1.04,1.02,2025-06-21,0659,Terra,MODIS,54,6.1NRT,318.45,9.51,D
36.21041,38.97646,330.74,1.13,1.06,2025-06-21,0659,Terra,MODIS,70,6.1NRT,314.84,16.12,D
36.06432,37.37189,324.83,1.63,1.26,2025-06-22,0737,Terra,MODIS,51,6.1NRT,309.45,12.87,D
36.01648,38.74038,308.31,1.32,1.14,2025-06-22,1838,Terra,MODIS,68,6.1NRT,297.98,8.27,N
36.14549,39.01663,312.3,1,1,2025-06-24,1819,Terra,MODIS,85,6.1NRT,293.58,10.66,N
35.93799,38.78539,327.41,1.11,1.05,2025-06-26,0659,Terra,MODIS,38,6.1NRT,316.13,8.55,D
36.8354,40.37129,302.75,1.07,1.03,2025-06-27,0020,Aqua,MODIS,51,6.1NRT,291.26,6.09,N
36.04371,37.01755,327.08,1.62,1.25,2025-06-27,0739,Terra,MODIS,44,6.1NRT,313.69,13.02,D
36.12025,37.69848,330.09,1.78,1.31,2025-06-27,0739,Terra,MODIS,67,6.1NRT,318.36,18.5,D
36.05708,37.40989,335.25,2.02,1.38,2025-06-27,1121,Aqua,MODIS,70,6.1NRT,321.66,29.44,D
36.00777,39.17477,312.5,1.44,1.19,2025-06-27,1841,Terra,MODIS,79,6.1NRT,297.63,14.98,N
36.17529,38.91671,310.3,1.4,1.17,2025-06-27,1841,Terra,MODIS,71,6.1NRT,297.87,11.83,N
35.04269,36.31618,338.05,1.02,1.01,2025-06-28,1200,Aqua,MODIS,76,6.1NRT,308.64,27.42,D
35.04119,36.30523,389.54,1.02,1.01,2025-06-28,1200,Aqua,MODIS,100,6.1NRT,316.15,189.89,D
35.04998,36.30332,345.78,1.02,1.01,2025-06-28,1200,Aqua,MODIS,87,6.1NRT,311.73,42.84,D
36.40724,39.09358,309.8,2.97,1.64,2025-06-28,1741,Terra,MODIS,68,6.1NRT,299.27,26.94,N
35.04939,36.30554,303.96,1.2,1.09,2025-06-29,1819,Terra,MODIS,51,6.1NRT,292.78,6.41,N
35.49512,36.36837,306.95,1.17,1.08,2025-06-29,1819,Terra,MODIS,64,6.1NRT,295.66,7.21,N
35.69133,36.03828,327.72,1.34,1.15,2025-06-30,1138,Aqua,MODIS,61,6.1NRT,309.24,22.22,D
35.68125,36.03988,325.41,1.34,1.15,2025-06-30,1138,Aqua,MODIS,42,6.1NRT,310.84,17.12,D
35.67874,36.02614,366.55,1.34,1.15,2025-06-30,1138,Aqua,MODIS,100,6.1NRT,316.19,143.39,D
35.68872,36.02393,390.94,1.34,1.15,2025-06-30,1138,Aqua,MODIS,100,6.1NRT,312.53,294.86,D
35.73409,36.15384,321.57,1.31,1.14,2025-06-30,1138,Aqua,MODIS,63,6.1NRT,305.92,12.57,D
35.73153,36.14,337.84,1.32,1.14,2025-06-30,1138,Aqua,MODIS,88,6.1NRT,308.2,43.92,D
35.7412,36.13654,363.13,1.32,1.14,2025-06-30,1138,Aqua,MODIS,100,6.1NRT,310.93,124.24,D
35.73859,36.12241,331.05,1.32,1.14,2025-06-30,1138,Aqua,MODIS,84,6.1NRT,309.62,26.95,D
35.75769,36.05756,352.93,1.33,1.14,2025-06-30,1138,Aqua,MODIS,96,6.1NRT,310.01,88.69,D
34.50568,36.42311,303.65,1.93,1.36,2025-06-30,1900,Terra,MODIS,56,6.1NRT,292.53,13.54,N
34.51086,36.41579,307.84,1.93,1.36,2025-06-30,1900,Terra,MODIS,73,6.1NRT,292.31,19.39,N
34.50364,36.39995,301.69,1.93,1.36,2025-06-30,1900,Terra,MODIS,43,6.1NRT,290.96,11.31,N
36.93904,42.11646,310.24,1.05,1.02,2025-07-01,1802,Terra,MODIS,76,6.1NRT,297.31,7.72,N
36.11882,38.99728,325.26,2.23,1.45,2025-07-02,0739,Terra,MODIS,45,6.1NRT,311.43,22.29,D
33.55566,36.60358,324.88,1.81,1.32,2025-07-02,0739,Terra,MODIS,56,6.1NRT,312.31,12.59,D
35.27177,36.6026,306.41,1.1,1.05,2025-07-02,1838,Terra,MODIS,65,6.1NRT,296.24,5.25,N
35.27034,36.59082,307.08,1.1,1.05,2025-07-02,1838,Terra,MODIS,68,6.1NRT,296.31,5.6,N
35.55336,35.84206,343.02,1,1,2025-07-03,1157,Aqua,MODIS,87,6.1NRT,314.09,32.16,D
35.5518,35.83139,341.23,1,1,2025-07-03,1157,Aqua,MODIS,85,6.1NRT,313.95,28.87,D
35.81313,37.0966,349.27,1.04,1.02,2025-07-03,1157,Aqua,MODIS,92,6.1NRT,315.24,46.14,D
35.72993,36.17131,419.65,1,1,2025-07-03,1157,Aqua,MODIS,100,6.1NRT,316.34,382.75,D
35.72842,36.16068,384.68,1,1,2025-07-03,1157,Aqua,MODIS,100,6.1NRT,316.37,162.07,D
35.85329,36.05497,325.39,1,1,2025-07-03,1157,Aqua,MODIS,40,6.1NRT,312.02,10.7,D
33.53934,36.62156,368.98,1,1,2025-07-03,1157,Aqua,MODIS,100,6.1NRT,314.04,93.1,D
33.53785,36.61114,398.57,1,1,2025-07-03,1157,Aqua,MODIS,100,6.1NRT,319.32,225.44,D
33.54656,36.60932,356.38,1,1,2025-07-03,1157,Aqua,MODIS,97,6.1NRT,317.23,58.2,D
33.54506,36.5989,328.93,1,1,2025-07-03,1157,Aqua,MODIS,53,6.1NRT,314.18,8.26,D
35.81396,35.92216,322.33,4.68,1.98,2025-07-03,1741,Terra,MODIS,100,6.1NRT,293.8,183.7,N
35.81308,35.93059,327.59,4.68,1.98,2025-07-03,1741,Terra,MODIS,100,6.1NRT,293.88,238.6,N
35.81641,35.90516,321.06,4.03,1.86,2025-07-03,1919,Terra,MODIS,100,6.1NRT,292.49,133.23,N
35.80761,35.94381,313.94,4.05,1.87,2025-07-03,1919,Terra,MODIS,84,6.1NRT,292.09,90.42,N
35.8058,35.90122,311.14,4.03,1.86,2025-07-03,1919,Terra,MODIS,58,6.1NRT,291.97,71.4,N
35.81843,35.94651,317.52,4.05,1.87,2025-07-03,1919,Terra,MODIS,94,6.1NRT,292.11,111.43,N
35.82412,35.94094,308.22,4.05,1.87,2025-07-03,1919,Terra,MODIS,59,6.1NRT,291.7,63.63,N
35.82347,35.94277,304.76,4.25,1.91,2025-07-03,2356,Aqua,MODIS,61,6.1NRT,291.62,52.77,N
35.81737,35.93713,305.42,4.25,1.91,2025-07-03,2356,Aqua,MODIS,64,6.1NRT,291.45,60,N
35.81932,35.91318,308.43,4.47,1.94,2025-07-04,0134,Aqua,MODIS,74,6.1NRT,291.1,80.88,N
35.80781,35.95683,301.91,4.5,1.95,2025-07-04,0134,Aqua,MODIS,45,6.1NRT,290.23,48.16,N
35.81726,35.90474,300.7,4.47,1.94,2025-07-04,0134,Aqua,MODIS,26,6.1NRT,290.62,37.33,N
35.80588,35.94888,300.17,4.5,1.95,2025-07-04,0134,Aqua,MODIS,17,6.1NRT,290.11,37.29,N
35.82567,35.92017,342.78,1,1,2025-07-04,0720,Terra,MODIS,89,6.1NRT,306.05,38.37,D
35.82411,35.93091,325.71,1,1,2025-07-04,0720,Terra,MODIS,60,6.1NRT,304.77,14.21,D
35.81691,35.91829,348.35,1,1,2025-07-04,0720,Terra,MODIS,93,6.1NRT,309.84,48.48,D
35.81536,35.92902,391.41,1,1,2025-07-04,0720,Terra,MODIS,100,6.1NRT,314.32,195.46,D
35.8138,35.93977,347.56,1,1,2025-07-04,0720,Terra,MODIS,92,6.1NRT,307.93,47.9,D
33.54831,36.59596,327.1,1.04,1.02,2025-07-04,0720,Terra,MODIS,52,6.1NRT,314.04,9.28,D
35.80793,35.93682,394.05,3.14,1.68,2025-07-04,1236,Aqua,MODIS,100,6.1NRT,316.45,1100.39,D
35.73483,35.98506,326.58,3.16,1.68,2025-07-04,1236,Aqua,MODIS,39,6.1NRT,294.97,74.22,D
35.74954,35.98198,473.71,3.16,1.68,2025-07-04,1236,Aqua,MODIS,100,6.1NRT,319.51,5637.09,D
35.7474,35.9506,437.58,3.14,1.68,2025-07-04,1236,Aqua,MODIS,100,6.1NRT,318.71,2910.08,D
35.76432,35.97989,426.85,3.16,1.68,2025-07-04,1236,Aqua,MODIS,100,6.1NRT,309.88,2360.32,D
35.76214,35.94835,463.2,3.14,1.68,2025-07-04,1236,Aqua,MODIS,100,6.1NRT,328.56,4664.71,D
35.75993,35.91645,360.17,3.13,1.68,2025-07-04,1236,Aqua,MODIS,100,6.1NRT,311.36,380.12,D
35.73808,36.01156,317.79,3.18,1.69,2025-07-04,1236,Aqua,MODIS,27,6.1NRT,291.48,33.6,D
35.7359,35.97612,347.51,3.16,1.68,2025-07-04,1236,Aqua,MODIS,94,6.1NRT,296.53,250.29,D
35.75285,36.00872,369,3.18,1.69,2025-07-04,1236,Aqua,MODIS,100,6.1NRT,297.08,550.28,D
35.7507,35.97417,491.83,3.16,1.68,2025-07-04,1236,Aqua,MODIS,100,6.1NRT,327.61,7511.66,D
35.7487,35.94225,408.62,3.14,1.68,2025-07-04,1236,Aqua,MODIS,100,6.1NRT,315.1,1562.85,D
35.76762,36.00573,336.48,3.18,1.69,2025-07-04,1236,Aqua,MODIS,88,6.1NRT,296.44,144.32,D
35.76548,35.97189,442.02,3.16,1.68,2025-07-04,1236,Aqua,MODIS,100,6.1NRT,314.44,3201.19,D
35.76348,35.94038,442.46,3.14,1.68,2025-07-04,1236,Aqua,MODIS,94,6.1NRT,325.93,3188.87,D
35.76146,35.90864,337.46,3.13,1.68,2025-07-04,1236,Aqua,MODIS,73,6.1NRT,309.31,138.61,D
35.78251,36.00468,347.28,3.18,1.69,2025-07-04,1236,Aqua,MODIS,94,6.1NRT,299.67,249.64,D
35.78032,35.97074,408.79,3.16,1.68,2025-07-04,1236,Aqua,MODIS,100,6.1NRT,312.29,1586.96,D
35.77836,35.94023,427.93,3.14,1.68,2025-07-04,1236,Aqua,MODIS,94,6.1NRT,319.87,2396.61,D
35.79736,36.00315,326.35,3.18,1.69,2025-07-04,1236,Aqua,MODIS,79,6.1NRT,302.27,76.96,D
35.79521,35.97009,438.52,3.16,1.68,2025-07-04,1236,Aqua,MODIS,100,6.1NRT,315.69,2994.13,D
35.7932,35.93929,406.95,3.14,1.68,2025-07-04,1236,Aqua,MODIS,94,6.1NRT,318.92,1510.55,D
35.79092,35.90479,384.69,3.13,1.68,2025-07-04,1236,Aqua,MODIS,94,6.1NRT,313.82,847.84,D
35.81001,35.96822,384.32,3.16,1.68,2025-07-04,1236,Aqua,MODIS,100,6.1NRT,305.16,862.45,D
35.80575,35.90415,338.05,3.13,1.68,2025-07-04,1236,Aqua,MODIS,89,6.1NRT,309.47,155.75,D
35.82478,35.96595,353.56,3.16,1.68,2025-07-04,1236,Aqua,MODIS,97,6.1NRT,303.03,322.72,D
35.82266,35.93444,421.3,3.14,1.68,2025-07-04,1236,Aqua,MODIS,100,6.1NRT,315.22,2091.42,D
35.82051,35.90268,329.78,3.13,1.68,2025-07-04,1236,Aqua,MODIS,83,6.1NRT,307.5,92.61,D
35.80907,35.96452,377.54,3.16,1.68,2025-07-04,1236,Aqua,MODIS,100,6.1NRT,306.79,700.65,D
35.80714,35.93257,371.75,3.14,1.68,2025-07-04,1236,Aqua,MODIS,100,6.1NRT,315.78,582.86,D
35.82378,35.96116,374.65,3.16,1.68,2025-07-04,1236,Aqua,MODIS,100,6.1NRT,304.27,646.39,D
35.82189,35.93018,416.24,3.14,1.68,2025-07-04,1236,Aqua,MODIS,100,6.1NRT,316.28,1870.57,D
35.81994,35.89855,326.96,3.13,1.68,2025-07-04,1236,Aqua,MODIS,70,6.1NRT,307.18,70.61,D
35.8231,37.10775,309.53,1.07,1.03,2025-07-04,1821,Terra,MODIS,78,6.1NRT,294.47,8.53,N
35.82132,37.09631,315.17,1.07,1.03,2025-07-04,1821,Terra,MODIS,91,6.1NRT,294.84,13.41,N
35.75384,35.97848,307.86,1.17,1.08,2025-07-04,1821,Terra,MODIS,33,6.1NRT,293.76,7.96,N
35.75167,35.96536,334.27,1.17,1.08,2025-07-04,1821,Terra,MODIS,100,6.1NRT,295.24,42.18,N
35.74956,35.95255,305.46,1.18,1.08,2025-07-04,1821,Terra,MODIS,15,6.1NRT,292.45,5.79,N
35.76111,35.96326,313.41,1.17,1.08,2025-07-04,1821,Terra,MODIS,57,6.1NRT,293.96,11.51,N
35.759,35.95041,371.28,1.18,1.08,2025-07-04,1821,Terra,MODIS,100,6.1NRT,298.16,149.51,N
35.75693,35.93786,335.58,1.18,1.08,2025-07-04,1821,Terra,MODIS,100,6.1NRT,294.33,43.38,N
35.76835,35.94776,319.71,1.18,1.08,2025-07-04,1821,Terra,MODIS,99,6.1NRT,295.51,17.73,N
35.76629,35.93525,323.27,1.18,1.08,2025-07-04,1821,Terra,MODIS,100,6.1NRT,294.21,22.87,N
35.78609,35.99643,312.63,1.17,1.08,2025-07-04,1821,Terra,MODIS,64,6.1NRT,294.91,11.8,N
35.77568,35.9327,308.41,1.18,1.08,2025-07-04,1821,Terra,MODIS,16,6.1NRT,294.72,6.66,N
35.79546,35.99401,332.35,1.17,1.08,2025-07-04,1821,Terra,MODIS,100,6.1NRT,295.85,36.83,N
35.79344,35.9816,314.01,1.17,1.08,2025-07-04,1821,Terra,MODIS,71,6.1NRT,293.86,10.6,N
35.78503,35.92994,318.27,1.18,1.08,2025-07-04,1821,Terra,MODIS,96,6.1NRT,295.6,16.14,N
35.80148,36.00013,320.25,1.17,1.08,2025-07-04,1821,Terra,MODIS,100,6.1NRT,294.58,21.06,N
35.79939,35.98764,327.18,1.17,1.08,2025-07-04,1821,Terra,MODIS,100,6.1NRT,294.78,29.52,N
35.78862,35.9235,312.5,1.18,1.08,2025-07-04,1821,Terra,MODIS,76,6.1NRT,294.58,11.58,N
35.81092,35.99818,306.77,1.17,1.08,2025-07-04,1821,Terra,MODIS,69,6.1NRT,292.32,8.29,N
35.80882,35.98562,326.95,1.17,1.08,2025-07-04,1821,Terra,MODIS,100,6.1NRT,294.01,30.12,N
35.82627,35.9141,325.01,1.18,1.08,2025-07-04,1821,Terra,MODIS,100,6.1NRT,295.39,27.07,N
35.81818,35.98315,319.47,1.17,1.08,2025-07-04,1821,Terra,MODIS,87,6.1NRT,292.79,19.35,N
35.81599,35.97001,320.07,1.17,1.08,2025-07-04,1821,Terra,MODIS,86,6.1NRT,294.38,19,N
35.82541,35.96786,315.33,1.17,1.08,2025-07-04,1821,Terra,MODIS,57,6.1NRT,293.28,14.66,N
35.82336,35.95549,311.3,1.17,1.08,2025-07-04,1821,Terra,MODIS,45,6.1NRT,294.03,10.58,N
35.8284,35.92688,317.11,1.18,1.08,2025-07-04,1821,Terra,MODIS,94,6.1NRT,295.08,16.72,N
35.78762,35.93633,309.86,1.1,1.04,2025-07-05,0037,Aqua,MODIS,79,6.1NRT,292.76,10.3,N
35.8364,35.92189,306.39,1.1,1.05,2025-07-05,0037,Aqua,MODIS,68,6.1NRT,293.84,7.61,N
35.8348,35.93401,304.41,1.1,1.04,2025-07-05,0037,Aqua,MODIS,60,6.1NRT,292.8,6.13,N
35.82885,35.90796,313.02,1.1,1.05,2025-07-05,0037,Aqua,MODIS,86,6.1NRT,293.45,12.42,N
35.82727,35.92001,325.55,1.1,1.05,2025-07-05,0037,Aqua,MODIS,100,6.1NRT,294.75,26.12,N
35.8194,35.97978,343.28,1.09,1.04,2025-07-05,0037,Aqua,MODIS,100,6.1NRT,293.38,55.45,N
35.81781,35.99188,306.36,1.09,1.04,2025-07-05,0037,Aqua,MODIS,41,6.1NRT,290.11,7.45,N
35.7981,35.99952,303.4,1.09,1.04,2025-07-05,0037,Aqua,MODIS,33,6.1NRT,290.88,5.81,N
35.75854,35.96061,306.64,1.09,1.04,2025-07-05,0037,Aqua,MODIS,69,6.1NRT,291.81,8.45,N
35.75695,35.97252,304.35,1.09,1.04,2025-07-05,0037,Aqua,MODIS,60,6.1NRT,292.36,6.88,N
35.74784,35.97064,310.92,1.09,1.04,2025-07-05,0037,Aqua,MODIS,81,6.1NRT,291.66,11.08,N
35.82901,35.97362,328.11,3.09,1.67,2025-07-05,0758,Terra,MODIS,62,6.1NRT,299.54,99.7,D
35.82167,36.00538,338.33,3.11,1.67,2025-07-05,0758,Terra,MODIS,88,6.1NRT,299.9,178.38,D
35.82829,35.91041,318.95,3.06,1.66,2025-07-05,0758,Terra,MODIS,54,6.1NRT,301.29,47.67,D
35.82148,35.93983,330,3.08,1.67,2025-07-05,0758,Terra,MODIS,81,6.1NRT,301.98,109.74,D
35.81453,35.96985,361.61,3.09,1.67,2025-07-05,0758,Terra,MODIS,100,6.1NRT,303.97,425.63,D
35.80731,36.00095,375.27,3.11,1.67,2025-07-05,0758,Terra,MODIS,100,6.1NRT,303.52,667.87,D
35.79979,36.03334,323.07,3.13,1.68,2025-07-05,0758,Terra,MODIS,73,6.1NRT,299.85,76.76,D
35.79272,35.99746,328.73,3.11,1.67,2025-07-05,0758,Terra,MODIS,62,6.1NRT,300.59,97.97,D
35.83604,35.94315,333.09,3.08,1.67,2025-07-05,0758,Terra,MODIS,84,6.1NRT,299.54,134.28,D
35.77137,35.9572,317.83,3.09,1.67,2025-07-05,0758,Terra,MODIS,28,6.1NRT,303.6,39.96,D
35.75717,35.95217,380.68,3.09,1.67,2025-07-05,0758,Terra,MODIS,87,6.1NRT,306.25,763.4,D
35.74996,35.9827,344.38,3.11,1.67,2025-07-05,0758,Terra,MODIS,92,6.1NRT,303.63,225.69,D
35.7709,35.95055,323.45,3.09,1.67,2025-07-05,0758,Terra,MODIS,47,6.1NRT,303.66,64.04,D
35.75677,35.94522,374.92,3.09,1.67,2025-07-05,0758,Terra,MODIS,100,6.1NRT,305.3,645.61,D
35.74969,35.97603,364.1,3.11,1.67,2025-07-05,0758,Terra,MODIS,100,6.1NRT,305.18,467.01,D
35.73521,35.97212,364.16,3.11,1.67,2025-07-05,0758,Terra,MODIS,100,6.1NRT,300.65,471.85,D
34.78105,36.29437,322.68,1.47,1.2,2025-07-05,1136,Aqua,MODIS,71,6.1NRT,310.09,16.19,D
35.15843,36.08168,322.27,1.49,1.21,2025-07-05,1136,Aqua,MODIS,75,6.1NRT,304.45,18.43,D
35.16868,36.07805,339.59,1.49,1.21,2025-07-05,1136,Aqua,MODIS,90,6.1NRT,305.82,58.35,D
35.72661,35.94509,328.03,1.48,1.2,2025-07-05,1136,Aqua,MODIS,78,6.1NRT,304.31,24.2,D
35.74147,35.93501,343.64,1.48,1.2,2025-07-05,1136,Aqua,MODIS,92,6.1NRT,309.25,62.93,D
35.80062,36.01737,340.57,1.46,1.19,2025-07-05,1136,Aqua,MODIS,90,6.1NRT,301.8,64.43,D
35.81093,36.01461,381.81,1.46,1.19,2025-07-05,1136,Aqua,MODIS,100,6.1NRT,303.11,264.62,D
35.81238,35.96454,341.99,1.47,1.2,2025-07-05,1136,Aqua,MODIS,91,6.1NRT,306.67,50.79,D
35.82883,35.99461,438.64,1.46,1.19,2025-07-05,1136,Aqua,MODIS,100,6.1NRT,312.11,984.25,D
35.82575,35.97805,499.57,1.46,1.2,2025-07-05,1136,Aqua,MODIS,100,6.1NRT,400.07,2772.37,D
35.82283,35.96241,378.98,1.47,1.2,2025-07-05,1136,Aqua,MODIS,100,6.1NRT,318.34,230.82,D
35.8358,36.04848,321.11,1.45,1.19,2025-07-05,1136,Aqua,MODIS,61,6.1NRT,306.68,14.66,D
35.82726,36.0041,336.69,1.46,1.19,2025-07-05,1136,Aqua,MODIS,88,6.1NRT,300.78,50.96,D
35.8211,35.9722,412.13,1.46,1.2,2025-07-05,1136,Aqua,MODIS,100,6.1NRT,328.49,563.87,D
35.81813,35.95683,330.9,1.47,1.2,2025-07-05,1136,Aqua,MODIS,42,6.1NRT,309.3,28.51,D
35.83468,35.98634,457.67,1.46,1.19,2025-07-05,1136,Aqua,MODIS,100,6.1NRT,317.24,1409.66,D
35.83155,35.97004,472.49,1.46,1.2,2025-07-05,1136,Aqua,MODIS,100,6.1NRT,400.07,1817.83,D
35.82843,35.95387,370.58,1.47,1.2,2025-07-05,1136,Aqua,MODIS,100,6.1NRT,317.08,184.18,D
35.82523,35.93729,334.21,1.47,1.2,2025-07-05,1136,Aqua,MODIS,73,6.1NRT,310.24,36.02,D
35.84502,35.9837,335.47,1.46,1.19,2025-07-05,1136,Aqua,MODIS,87,6.1NRT,301.55,49.3,D
35.84197,35.96776,391.62,1.46,1.2,2025-07-05,1136,Aqua,MODIS,100,6.1NRT,309.71,346.49,D
35.83883,35.95141,363.61,1.47,1.2,2025-07-05,1136,Aqua,MODIS,100,6.1NRT,306.61,150.77,D
35.83564,35.93481,365.53,1.47,1.2,2025-07-05,1136,Aqua,MODIS,100,6.1NRT,308.85,158.04,D
35.83242,35.91807,360.31,1.47,1.2,2025-07-05,1136,Aqua,MODIS,100,6.1NRT,309.8,132.24,D
35.73735,35.95306,309.46,1.95,1.36,2025-07-05,1900,Terra,MODIS,49,6.1NRT,293.8,20.05,N
35.74942,35.95177,308.57,1.95,1.36,2025-07-05,1900,Terra,MODIS,61,6.1NRT,293.31,18.77,N
35.7476,35.93079,304.45,1.94,1.36,2025-07-05,1900,Terra,MODIS,13,6.1NRT,293.45,11.4,N
35.74223,35.94762,311.7,1.95,1.36,2025-07-05,1900,Terra,MODIS,83,6.1NRT,293.84,25.3,N
35.75421,35.94531,305.23,1.95,1.36,2025-07-05,1900,Terra,MODIS,63,6.1NRT,293.07,14.55,N
35.80938,36.02239,302.98,1.97,1.37,2025-07-05,1900,Terra,MODIS,16,6.1NRT,292.84,11.28,N
35.82148,36.02068,326.26,1.97,1.37,2025-07-05,1900,Terra,MODIS,100,6.1NRT,294.58,62.01,N
35.81959,35.99828,310.73,1.96,1.37,2025-07-05,1900,Terra,MODIS,50,6.1NRT,292.28,22.28,N
35.83165,35.99638,320.4,1.96,1.37,2025-07-05,1900,Terra,MODIS,100,6.1NRT,293.33,43.88,N
35.8437,35.9944,305.09,1.96,1.37,2025-07-05,1900,Terra,MODIS,32,6.1NRT,292.39,13.34,N
35.84188,35.97328,319.65,1.96,1.37,2025-07-05,1900,Terra,MODIS,99,6.1NRT,293.41,43.96,N
35.84017,35.95337,312.96,1.95,1.36,2025-07-05,1900,Terra,MODIS,86,6.1NRT,293.73,26.25,N
35.83848,35.93373,328.12,1.95,1.36,2025-07-05,1900,Terra,MODIS,100,6.1NRT,294.99,66.81,N
35.82767,36.03564,310.09,1.98,1.37,2025-07-05,1900,Terra,MODIS,75,6.1NRT,293.22,22.19,N
35.82595,36.01355,318.81,1.97,1.37,2025-07-05,1900,Terra,MODIS,97,6.1NRT,293.48,41.02,N
35.83797,36.01089,310.96,1.97,1.37,2025-07-05,1900,Terra,MODIS,81,6.1NRT,292.84,24.64,N
35.83623,35.98892,314.01,1.96,1.37,2025-07-05,1900,Terra,MODIS,88,6.1NRT,293.09,30.63,N
35.8299,35.9096,305.74,1.94,1.36,2025-07-05,1900,Terra,MODIS,65,6.1NRT,294.5,15.11,N
35.84831,35.98717,310.62,1.96,1.37,2025-07-05,1900,Terra,MODIS,80,6.1NRT,292.33,25.02,N
35.84665,35.96647,314.68,1.96,1.37,2025-07-05,1900,Terra,MODIS,90,6.1NRT,292.88,32.9,N
35.84505,35.94658,318.69,1.95,1.36,2025-07-05,1900,Terra,MODIS,97,6.1NRT,293.96,40.82,N
35.84345,35.92684,322.42,1.95,1.36,2025-07-05,1900,Terra,MODIS,100,6.1NRT,294.2,50.24,N
35.85218,35.92542,310.87,2.09,1.41,2025-07-06,0115,Aqua,MODIS,81,6.1NRT,292.95,28.82,N
35.84768,35.94618,331.89,2.09,1.41,2025-07-06,0115,Aqua,MODIS,100,6.1NRT,293.71,92.46,N
35.84437,35.94021,336.61,2.09,1.41,2025-07-06,0115,Aqua,MODIS,100,6.1NRT,294.32,112.64,N
35.83992,35.96128,304.56,2.1,1.41,2025-07-06,0115,Aqua,MODIS,61,6.1NRT,291.75,17.24,N
35.74855,35.95158,304.9,2.11,1.41,2025-07-06,0115,Aqua,MODIS,62,6.1NRT,291.76,20.1,N
35.83529,35.93128,325.86,1.43,1.18,2025-07-06,0701,Terra,MODIS,31,6.1NRT,305.53,18.42,D
35.83966,35.92587,325.25,1.43,1.18,2025-07-06,0701,Terra,MODIS,43,6.1NRT,303.7,15.1,D
35.75319,35.94396,348.03,1.42,1.18,2025-07-06,0701,Terra,MODIS,92,6.1NRT,306.46,71.55,D
35.74285,35.94186,383.59,1.42,1.18,2025-07-06,0701,Terra,MODIS,100,6.1NRT,308.16,256.24,D
35.74126,35.95749,344.93,1.42,1.18,2025-07-06,0701,Terra,MODIS,89,6.1NRT,308.84,60.52,D
35.7472,35.93605,362.31,1.42,1.18,2025-07-06,0701,Terra,MODIS,100,6.1NRT,307.77,130.08,D
35.74557,35.95121,368.8,1.42,1.18,2025-07-06,0701,Terra,MODIS,100,6.1NRT,309.24,162.62,D
35.73512,35.95021,326.37,1.42,1.18,2025-07-06,0701,Terra,MODIS,55,6.1NRT,306.74,17.31,D
35.71506,35.99146,372.05,1.45,1.19,2025-07-06,1217,Aqua,MODIS,100,6.1NRT,310.48,188.05,D
35.71127,36.00251,343.82,1.45,1.19,2025-07-06,1217,Aqua,MODIS,86,6.1NRT,307.48,61.98,D
35.70962,35.98655,354.57,1.45,1.19,2025-07-06,1217,Aqua,MODIS,96,6.1NRT,310.35,98.34,D
35.72713,35.95141,408.66,1.44,1.19,2025-07-06,1217,Aqua,MODIS,100,6.1NRT,317.76,494.85,D
35.7256,35.93682,368.05,1.44,1.19,2025-07-06,1217,Aqua,MODIS,100,6.1NRT,314.71,153.18,D
35.73761,35.95023,439.32,1.44,1.19,2025-07-06,1217,Aqua,MODIS,100,6.1NRT,324.04,962.32,D
35.736,35.93514,408.4,1.44,1.19,2025-07-06,1217,Aqua,MODIS,100,6.1NRT,320.49,488.49,D
35.74804,35.94873,336.82,1.44,1.19,2025-07-06,1217,Aqua,MODIS,76,6.1NRT,317.15,28.85,D
35.81016,36.03196,334.16,1.46,1.19,2025-07-06,1217,Aqua,MODIS,46,6.1NRT,308.81,31.43,D
35.82516,36.00659,334.39,1.46,1.19,2025-07-06,1217,Aqua,MODIS,40,6.1NRT,309.16,28.77,D
35.84107,35.95613,339.35,1.45,1.19,2025-07-06,1217,Aqua,MODIS,71,6.1NRT,309.32,44.91,D
35.83949,35.94129,338.7,1.45,1.19,2025-07-06,1217,Aqua,MODIS,71,6.1NRT,311.13,42.03,D
35.83795,35.9268,350.36,1.44,1.19,2025-07-06,1217,Aqua,MODIS,92,6.1NRT,311.74,78.29,D
35.83139,36.01476,306.53,2.19,1.44,2025-07-06,1802,Terra,MODIS,59,6.1NRT,293.82,18.31,N
35.83177,36.00853,305.92,2.19,1.44,2025-07-06,1802,Terra,MODIS,54,6.1NRT,293.69,17.28,N
35.85234,35.93492,305.83,2.14,1.42,2025-07-07,0018,Aqua,MODIS,66,6.1NRT,294.5,18.95,N
35.85085,35.93182,325.05,1.53,1.22,2025-07-07,0739,Terra,MODIS,37,6.1NRT,302.02,24.87,D
35.83551,36.01182,328.06,1.54,1.22,2025-07-07,0739,Terra,MODIS,64,6.1NRT,304.62,32.3,D
35.84726,35.92529,358.34,1.53,1.22,2025-07-07,0739,Terra,MODIS,99,6.1NRT,305.5,134.86,D
35.83241,36.00517,328.32,1.54,1.22,2025-07-07,0739,Terra,MODIS,59,6.1NRT,305.56,30.1,D
35.83653,35.92345,359.41,1.53,1.22,2025-07-07,0739,Terra,MODIS,99,6.1NRT,307.36,137.91,D
35.85152,35.93218,308.86,1.08,1.04,2025-07-07,1843,Terra,MODIS,61,6.1NRT,296.16,6.17,N
35.74141,35.93604,314.36,1.08,1.04,2025-07-07,1843,Terra,MODIS,87,6.1NRT,297.39,11.87,N
35.84459,36.02885,305.69,1.09,1.04,2025-07-07,1843,Terra,MODIS,56,6.1NRT,295.26,5.71,N
35.84314,36.01682,323.62,1.09,1.04,2025-07-07,1843,Terra,MODIS,100,6.1NRT,296.33,22.63,N
35.84174,36.00526,325.36,1.09,1.04,2025-07-07,1843,Terra,MODIS,100,6.1NRT,295.56,24.47,N
35.8537,36.02679,308.56,1.09,1.04,2025-07-07,1843,Terra,MODIS,70,6.1NRT,294.75,7.73,N
35.85226,36.01491,322.08,1.09,1.04,2025-07-07,1843,Terra,MODIS,100,6.1NRT,294.53,20.73,N
35.84101,35.92259,348.35,1.08,1.04,2025-07-07,1843,Terra,MODIS,100,6.1NRT,302.38,61.6,N
35.83963,35.91128,338.29,1.08,1.04,2025-07-07,1843,Terra,MODIS,100,6.1NRT,300.68,40.67,N
35.85011,35.92065,465.21,1.08,1.04,2025-07-07,1843,Terra,MODIS,100,6.1NRT,329.65,1034.92,N
35.84874,35.90949,448.52,1.08,1.04,2025-07-07,1843,Terra,MODIS,100,6.1NRT,321.64,768.41,N
35.84595,35.88668,312.77,1.08,1.04,2025-07-07,1843,Terra,MODIS,83,6.1NRT,298,8.49,N
35.85927,35.91928,408.23,1.08,1.04,2025-07-07,1843,Terra,MODIS,100,6.1NRT,302.66,337.61,N
35.85788,35.90793,371.09,1.08,1.04,2025-07-07,1843,Terra,MODIS,100,6.1NRT,300.24,128.6,N
35.85648,35.89648,312.12,1.08,1.04,2025-07-07,1843,Terra,MODIS,81,6.1NRT,297.9,7.26,N
35.85503,35.88478,309.01,1.08,1.04,2025-07-07,1843,Terra,MODIS,26,6.1NRT,297.72,5.03,N
35.86094,35.91287,348.1,1.09,1.04,2025-07-08,0054,Aqua,MODIS,100,6.1NRT,298.96,65.01,N
35.85902,35.92418,317.63,1.09,1.04,2025-07-08,0054,Aqua,MODIS,93,6.1NRT,294.73,16.47,N
35.84333,36.01639,314.95,1.1,1.05,2025-07-08,0054,Aqua,MODIS,90,6.1NRT,293.65,15.7,N
35.74525,35.93747,311.79,1.1,1.04,2025-07-08,0054,Aqua,MODIS,83,6.1NRT,295.06,11.67,N
35.86803,35.92667,321.77,1.09,1.04,2025-07-08,0054,Aqua,MODIS,100,6.1NRT,295.22,20.73,N
35.85244,36.01847,319.88,1.1,1.05,2025-07-08,0054,Aqua,MODIS,99,6.1NRT,293.38,20.24,N
35.8504,36.0305,313.42,1.1,1.05,2025-07-08,0054,Aqua,MODIS,87,6.1NRT,293.54,13.66,N
35.86994,35.91544,331.5,1.09,1.04,2025-07-08,0054,Aqua,MODIS,100,6.1NRT,296.04,33.17,N
35.85457,35.902,327.69,2.93,1.63,2025-07-08,0642,Terra,MODIS,40,6.1NRT,301.01,79.57,D
35.85246,35.93773,328.23,2.91,1.63,2025-07-08,0642,Terra,MODIS,68,6.1NRT,299.64,83.86,D
35.86467,35.92911,325.26,2.91,1.63,2025-07-08,0642,Terra,MODIS,52,6.1NRT,298.96,73.01,D
35.85014,35.92978,331.15,2.91,1.63,2025-07-08,0642,Terra,MODIS,70,6.1NRT,300.15,105.19,D
35.8559,35.92919,365.49,1,1,2025-07-08,1155,Aqua,MODIS,100,6.1NRT,312.59,84.99,D
33.58603,36.55334,334.44,1,1,2025-07-08,1155,Aqua,MODIS,73,6.1NRT,317.47,12.69,D
35.84931,36.0262,348.36,1,1,2025-07-08,1155,Aqua,MODIS,91,6.1NRT,306.35,49.15,D
35.85752,35.93991,400.52,1,1,2025-07-08,1155,Aqua,MODIS,94,6.1NRT,310.71,242.9,D
35.85264,35.9076,328.51,1,1,2025-07-08,1155,Aqua,MODIS,51,6.1NRT,308.44,10.34,D
35.86623,35.93789,426.67,1,1,2025-07-08,1155,Aqua,MODIS,94,6.1NRT,310.34,441.98,D
35.8646,35.92712,377.54,1,1,2025-07-08,1155,Aqua,MODIS,100,6.1NRT,312.01,127.39,D
35.86298,35.91633,338.83,1,1,2025-07-08,1155,Aqua,MODIS,81,6.1NRT,308.28,24.49,D
35.866,35.92768,306.31,4.22,1.9,2025-07-08,1919,Terra,MODIS,41,6.1NRT,293.52,48.48,N
36.10408,37.14983,327.85,1.05,1.02,2025-07-09,0720,Terra,MODIS,46,6.1NRT,314.98,9.96,D
35.85002,36.01754,339.47,1,1,2025-07-09,0722,Terra,MODIS,84,6.1NRT,304.91,34.29,D
35.86986,35.9444,325.73,1,1,2025-07-09,0722,Terra,MODIS,51,6.1NRT,305.75,14.8,D
35.8491,36.02252,328.41,2.86,1.61,2025-07-09,1234,Aqua,MODIS,62,6.1NRT,303.9,71.76,D
35.8428,35.93457,331.55,2.82,1.6,2025-07-09,1234,Aqua,MODIS,68,6.1NRT,303.96,80.21,D
35.85701,35.93437,333.93,2.82,1.6,2025-07-09,1234,Aqua,MODIS,77,6.1NRT,305.85,101.06,D
35.87124,35.93434,326.49,2.82,1.6,2025-07-09,1234,Aqua,MODIS,29,6.1NRT,303.29,59.09,D
35.8502,35.95531,331.5,2.83,1.61,2025-07-09,1234,Aqua,MODIS,66,6.1NRT,302.66,83.19,D
35.8483,35.92669,325.16,2.82,1.6,2025-07-09,1234,Aqua,MODIS,23,6.1NRT,304.6,48.29,D
35.86255,35.92709,331.05,2.82,1.6,2025-07-09,1234,Aqua,MODIS,65,6.1NRT,305.43,87.49,D
35.85939,35.96842,325.58,1.14,1.06,2025-07-09,1821,Terra,MODIS,100,6.1NRT,295.14,27.13,N
35.85737,35.95581,337.15,1.14,1.06,2025-07-09,1821,Terra,MODIS,100,6.1NRT,296.48,46.16,N
35.85538,35.94342,305.42,1.14,1.07,2025-07-09,1821,Terra,MODIS,33,6.1NRT,294.7,6.43,N
35.86418,35.96123,314.92,1.14,1.06,2025-07-09,1821,Terra,MODIS,88,6.1NRT,294.39,14.67,N
35.86833,35.9606,308.76,1.17,1.08,2025-07-10,0035,Aqua,MODIS,75,6.1NRT,292.42,11.22,N
35.8667,35.97379,325.87,1.17,1.08,2025-07-10,0035,Aqua,MODIS,100,6.1NRT,293.22,30.85,N
35.85888,35.95902,321.12,1.17,1.08,2025-07-10,0035,Aqua,MODIS,100,6.1NRT,294.09,23.33,N
35.85727,35.97213,318.96,1.17,1.08,2025-07-10,0035,Aqua,MODIS,98,6.1NRT,293.58,21.19,N
35.85373,35.96428,325.73,1.17,1.08,2025-07-10,0035,Aqua,MODIS,100,6.1NRT,294,30.91,N
35.85685,35.95735,320.37,3.21,1.7,2025-07-10,0758,Terra,MODIS,56,6.1NRT,296.31,59.33,D
35.85245,35.97353,345.95,1.61,1.25,2025-07-10,1134,Aqua,MODIS,93,6.1NRT,301.39,87.08,D
35.8489,35.95539,349.52,1.62,1.25,2025-07-10,1134,Aqua,MODIS,95,6.1NRT,301.76,100.16,D
35.86299,35.96932,327.2,1.61,1.25,2025-07-10,1134,Aqua,MODIS,60,6.1NRT,300.78,31.16,D
35.85947,35.95129,347.97,1.62,1.25,2025-07-10,1134,Aqua,MODIS,94,6.1NRT,305.52,95.81,D
35.87358,35.96536,323.3,1.61,1.25,2025-07-10,1134,Aqua,MODIS,75,6.1NRT,301.29,25.45,D
35.87008,35.94733,343.46,1.62,1.25,2025-07-10,1134,Aqua,MODIS,92,6.1NRT,304.27,81.8,D
35.85284,35.97979,304.14,2.04,1.39,2025-07-10,1902,Terra,MODIS,12,6.1NRT,293.75,13.24,N
35.85461,36.00189,314.52,2.05,1.39,2025-07-10,1902,Terra,MODIS,88,6.1NRT,293.58,33.87,N
35.85118,35.95926,316.74,2.04,1.39,2025-07-10,1902,Terra,MODIS,93,6.1NRT,294.84,38.91,N
35.86523,35.97919,318.92,2.04,1.39,2025-07-10,1902,Terra,MODIS,97,6.1NRT,294.97,44.3,N
35.84523,36.01744,337.75,1.33,1.14,2025-07-11,1214,Aqua,MODIS,78,6.1NRT,312.23,38.13,D
35.84037,35.97487,348.48,1.32,1.14,2025-07-11,1214,Aqua,MODIS,91,6.1NRT,313.58,56.62,D
35.83881,35.96112,376.39,1.32,1.14,2025-07-11,1214,Aqua,MODIS,100,6.1NRT,315.57,178.11,D
35.85522,36.01553,419.12,1.33,1.14,2025-07-11,1214,Aqua,MODIS,100,6.1NRT,318.45,569,D
35.85363,36.0016,412.57,1.33,1.14,2025-07-11,1214,Aqua,MODIS,100,6.1NRT,324.7,486.11,D
35.86362,35.99977,342.58,1.33,1.14,2025-07-11,1214,Aqua,MODIS,71,6.1NRT,308.5,46.73,D
35.86201,35.98576,364.9,1.33,1.14,2025-07-11,1214,Aqua,MODIS,100,6.1NRT,315.79,122.49,D
35.86206,35.99454,350.96,1.33,1.14,2025-07-11,1214,Aqua,MODIS,93,6.1NRT,311.04,72.92,D
35.86052,35.98052,346.25,1.33,1.14,2025-07-11,1214,Aqua,MODIS,82,6.1NRT,316.23,53.57,D
35.87057,35.97922,336.04,1.33,1.14,2025-07-11,1214,Aqua,MODIS,53,6.1NRT,311.65,31.49,D
35.88052,35.97706,349.65,1.33,1.14,2025-07-11,1214,Aqua,MODIS,92,6.1NRT,309.16,70.47,D
35.87901,35.96345,333.7,1.32,1.14,2025-07-11,1214,Aqua,MODIS,45,6.1NRT,310.37,26.74,D
35.87756,35.95039,342.47,1.32,1.14,2025-07-11,1214,Aqua,MODIS,82,6.1NRT,310.59,47.15,D
35.85851,36.02232,314.61,2.1,1.41,2025-07-11,1802,Terra,MODIS,87,6.1NRT,297,31.46,N
35.86053,36.01624,316.85,2.1,1.41,2025-07-11,1802,Terra,MODIS,93,6.1NRT,297.16,38.01,N
35.86794,35.98971,315.21,2.11,1.41,2025-07-11,1802,Terra,MODIS,66,6.1NRT,296.26,31.36,N
35.88002,35.98558,325.48,2.11,1.41,2025-07-11,1802,Terra,MODIS,100,6.1NRT,297.64,60.55,N
35.89228,35.98236,309.62,2.11,1.41,2025-07-11,1802,Terra,MODIS,71,6.1NRT,295.63,21.47,N
35.85815,36.00282,332.22,1.6,1.25,2025-07-12,0739,Terra,MODIS,73,6.1NRT,305.55,41.53,D
35.85279,36.0187,332.52,3.43,1.74,2025-07-12,1115,Aqua,MODIS,60,6.1NRT,305.39,125.16,D
35.86721,36.01197,337.84,3.43,1.74,2025-07-12,1115,Aqua,MODIS,76,6.1NRT,306.22,174.32,D
35.87283,35.96906,331.89,3.45,1.75,2025-07-12,1115,Aqua,MODIS,56,6.1NRT,309.05,125.02,D
33.02814,35.85654,330.8,4.22,1.9,2025-07-12,1115,Aqua,MODIS,42,6.1NRT,313.78,105.39,D
35.86563,36.02096,306.75,1.11,1.05,2025-07-12,1841,Terra,MODIS,55,6.1NRT,295.65,6.53,N
35.86414,36.0085,310.02,1.11,1.05,2025-07-12,1841,Terra,MODIS,74,6.1NRT,295.11,9.37,N
35.88738,35.9501,305.52,1.04,1.02,2025-07-13,0052,Aqua,MODIS,65,6.1NRT,294.21,6.96,N
35.21754,36.43021,331.84,1.01,1.01,2025-07-13,1153,Aqua,MODIS,45,6.1NRT,320.87,7.32,D
35.21589,36.41946,333.7,1.01,1.01,2025-07-13,1153,Aqua,MODIS,64,6.1NRT,323.22,10.5,D
35.42152,36.31454,333.89,1.02,1.01,2025-07-13,1153,Aqua,MODIS,66,6.1NRT,318.08,13.35,D
35.88419,35.94318,361.32,1.03,1.01,2025-07-13,1153,Aqua,MODIS,100,6.1NRT,307.72,81.66,D
35.88247,35.93219,327.3,1.03,1.01,2025-07-13,1153,Aqua,MODIS,38,6.1NRT,308.87,14.07,D
35.81888,37.10571,328.97,1.07,1.03,2025-07-14,0722,Terra,MODIS,72,6.1NRT,309.05,13.2,D
35.36625,36.25269,359.46,1.76,1.3,2025-07-15,1132,Aqua,MODIS,99,6.1NRT,309.16,175.9,D
32.72061,36.56415,312.23,2.13,1.42,2025-07-15,1902,Terra,MODIS,83,6.1NRT,294.82,31.32,N
32.72205,36.55879,309.35,2.13,1.42,2025-07-15,1902,Terra,MODIS,76,6.1NRT,294.48,26.5,N
32.65553,36.64186,333.14,1.2,1.09,2025-07-16,1210,Aqua,MODIS,63,6.1NRT,319.78,13.11,D
33.27535,35.7837,339.99,1.12,1.06,2025-07-16,1210,Aqua,MODIS,84,6.1NRT,311.2,35.16,D
33.2794,35.77492,302.14,2.43,1.5,2025-07-16,1802,Terra,MODIS,38,6.1NRT,292.03,15.63,N
33.2053,35.8169,301.71,2.53,1.53,2025-07-17,0011,Aqua,MODIS,44,6.1NRT,290.93,21.06,N
32.70565,36.50803,340.42,1.1,1.05,2025-07-18,1149,Aqua,MODIS,80,6.1NRT,321.84,24.62,D
32.71092,36.48295,344.6,1.1,1.05,2025-07-18,1149,Aqua,MODIS,86,6.1NRT,322.02,30.89,D
32.70903,36.47156,351.59,1.1,1.05,2025-07-18,1149,Aqua,MODIS,93,6.1NRT,322.77,48.94,D
32.70715,36.46019,331.84,1.11,1.05,2025-07-18,1149,Aqua,MODIS,57,6.1NRT,321.46,8.78,D
32.75285,36.50848,331.79,1.1,1.05,2025-07-18,1149,Aqua,MODIS,56,6.1NRT,320.92,8.86,D
32.96194,36.60865,320.9,1.12,1.05,2025-07-19,0724,Terra,MODIS,47,6.1NRT,309.12,7.14,D
